"","species","timestep","sim_mean","sim_sd","sim_cv","true_mean","true_sd","true_cv","rel_err_mean","rel_err_cv","ratio","true_mean_rescale","sim_mean_rescale","true_cv_rescale","sim_cv_rescale"
"1",0,1,5015793.79461344,300510.886095264,0.0599129267271691,2096025.77031367,201.935451921691,9.63420654372353e-05,139.300196860788,62087.7125586445,2.39300196860788,0.667306669907022,0.896311787979793,0.637176660754659,0.601182073149029
"2",0,10,4412465.03237558,232461.262203341,0.052682856520721,2090443.43605057,186.658085972414,8.92911440479171e-05,111.077944338545,58901.2112426842,2.11077944338545,0.643215471029569,0.467445492541905,0.292565376713879,0.16576282313883
"3",0,11,4543882.18031025,265122.200926729,0.0583470676408751,2110529.88130155,188.402940430689,8.92680753302115e-05,115.295799437251,65261.6283593474,2.15295799437251,0.729900811690976,0.560861203708573,0.29143790131162,0.506880749716831
"4",0,12,4333236.65285604,232909.280962415,0.0537494948052062,2128891.67724813,187.607850642662,8.81246578431692e-05,103.54425258768,60892.5713423607,2.0354425258768,0.809143231984638,0.411127306264729,0.235553776862117,0.229999383587234
"5",0,13,4606467.37589187,265066.176091171,0.0575421802569156,2143847.84477508,195.101256290435,9.10051787331502e-05,114.869137617141,63129.566776242,2.14869137617141,0.873688275214646,0.605348857303582,0.376338214496962,0.458407712656446
"6",0,14,4379197.27099669,288681.861774597,0.0659211823332395,2155974.19071164,213.2124253062,9.88937744360583e-05,103.119188061857,66558.5765475683,2.03119188061857,0.926020901289303,0.44379765329891,0.761890533740815,0.963019520803634
"7",0,15,4302676.91655275,227175.361357558,0.0527986102055668,2161068.64718973,201.537252453079,9.32581446291211e-05,99.0995020980926,56515.5486103031,1.99099502098093,0.948006608056726,0.389404421963076,0.486451124206436,0.172733901040191
"8",0,16,4577437.37109384,263612.661129933,0.0575895724526186,2162467.27051475,208.941676486555,9.66218908075398e-05,111.676608173785,59503.0278141945,2.11676608173785,0.954042526203079,0.584713357401187,0.650853026557562,0.46126183076597
"9",0,17,4729700.60168427,276181.328814918,0.0583929834198318,2166880.11819689,208.005772440035,9.59932073275569e-05,118.272370583194,60730.3285674973,2.18272370583194,0.973086672632825,0.692947162453853,0.620126344280215,0.509645953022758
"10",0,18,5161662.28855264,339025.783499329,0.0656815119910516,2167830.80670485,224.946296221108,0.000103765614698977,138.102635712539,63197.9548972874,2.38102635712539,0.977189477093537,1,1,0.948585763223787
"11",0,19,4425012.42217562,294419.252660089,0.0665352375474992,2168076.24374541,208.01527363944,9.59446302866585e-05,104.098561337091,69247.5365413453,2.04098561337091,0.978248688576988,0.476364597543626,0.617752158622115,1
"12",0,2,4722471.91356906,262348.784032308,0.0555532756644888,2071010.37099413,185.834349926438,8.97312502772418e-05,128.027439152908,61810.7339893809,2.28027439152908,0.559349866963605,0.687808768783802,0.314075412697502,0.338629159855675
"13",0,20,4860763.61088073,285279.272855147,0.0586902173593784,2171585.22104654,208.788833774996,9.61458163149477e-05,123.834808036601,60942.9237681285,2.23834808036601,0.993392079501613,0.786111139941914,0.627585054453976,0.527546384877419
"14",0,21,4470630.18414501,244203.09375043,0.0546238636817894,2173116.38689651,204.543274606789,9.41243993373511e-05,105.724378643596,57933.6916531198,2.05724378643596,1,0.508791230925755,0.528789016068593,0.282656830832296
"15",0,22,4339034.7196734,277437.9107755,0.0639400070982569,2166698.8766864,208.965987646636,9.6444406694028e-05,100.260163807775,66197.2683331528,2.00260163807775,0.972304504265914,0.415248766391108,0.642178553410434,0.843706456016856
"16",0,23,4478005.37695979,248803.495272409,0.0555612319164581,2153806.81391434,200.505192733766,9.30933969743401e-05,107.911189993008,59583.3220424567,2.07911189993008,0.916667340036005,0.514033765044109,0.47839914096595,0.339108312224384
"17",0,24,4249867.05282043,227631.973208009,0.0535621397984534,2134143.07527824,207.483265334296,9.72208788331801e-05,99.1369323852082,54993.2479126833,1.99136932385208,0.831806237882415,0.351865401715725,0.680128354028046,0.21871623222126
"18",0,25,4537265.98141289,273476.966299942,0.0602735143631104,2112800.78505403,201.637413304296,9.54360745843531e-05,114.751244580632,63055.9026559044,2.14751244580632,0.739701155302431,0.556158187892679,0.592896678905204,0.622897878600614
"19",0,26,4573853.16955461,276472.962760611,0.0604464009909468,2082755.5041745,201.45212899602,9.67238490510508e-05,119.605861580351,62393.7919489155,2.19605861580351,0.610037326000379,0.582165586877975,0.655836199574934,0.633309695316055
"20",0,27,4180231.81015308,242588.429740122,0.058032291211917,2056424.39721524,199.20985300213,9.68719556487925e-05,103.276707658878,59806.1831912551,2.03276707658878,0.496402436987689,0.302366338478802,0.663074857050253,0.487923849893701
"21",0,28,4782778.97402075,264723.181682241,0.0553492400799143,2029692.71328085,181.989715029383,8.96636785650227e-05,135.640545129106,61629.8341599669,2.35640545129106,0.381038812446338,0.730677047611965,0.310772869210355,0.326341447748593
"22",0,29,4075056.9342782,252643.52792933,0.0619975455567666,2020973.51540705,185.980888763986,9.20253963479216e-05,101.638314565317,67270.0391600289,2.01638314565317,0.343410121628192,0.227604513396417,0.426200988851529,0.726724860621688
"23",0,3,4303984.25050402,245516.177557006,0.0570439302904639,2044119.604614,191.561142075305,9.37132747237059e-05,110.55442356646,60770.7042397633,2.1055442356646,0.443299704021358,0.390333718730734,0.508695446280159,0.428401416657203
"24",0,30,4568540.34423452,261655.559175494,0.0572733388478668,2026881.30450168,181.740763127345,8.96652224892006e-05,125.397527427375,63774.6408673272,2.25397527427375,0.368905857873461,0.578389052663227,0.310848327957383,0.442217174894405
"25",0,31,4390324.40115967,256423.791106452,0.0584065703752369,2053395.22783219,185.722763600604,9.04466714849999e-05,113.808055149453,64475.6990459547,2.13808055149453,0.483329711743874,0.451707190172563,0.349041370679817,0.510464205372108
"26",0,32,5008216.56155318,280873.002000194,0.0560824394369017,2060638.61685674,191.058640016624,9.27181692382629e-05,143.041963815694,60387.0004419345,2.43041963815694,0.514589381500814,0.890925636886694,0.460060018346717,0.370497189672467
"27",0,33,4622669.64844617,258124.504910004,0.0558388387101743,2074539.42559889,198.767225884914,9.58127010902828e-05,122.828720023562,58179.1614000718,2.22828720023562,0.574579903777165,0.616865975403945,0.611304165905253,0.355826731059356
"28",0,34,4449655.65736979,273620.770076563,0.0614925718180857,2091390.76964458,190.793996326552,9.1228286504763e-05,112.760605141525,67305.1592702831,2.12760605141525,0.647303796977283,0.493881834656822,0.387242527764649,0.696313636346826
"29",0,35,5055400.43197291,303402.815484612,0.0600155852275793,2105550.36563383,196.115399845354,9.3142108137754e-05,140.098765362523,64334.4286676638,2.40098765362523,0.708411145072924,0.924465512619245,0.480779881814458,0.607364514809964
"30",0,36,4009943.71568199,223606.859245589,0.0557630917289719,2118652.13548423,206.317759105235,9.73816114735042e-05,89.268622655012,57162.4450193496,1.89268622655012,0.764953324067634,0.181319856355015,0.687984104859884,0.351264991988518
"31",0,37,4068031.82478799,232915.861973594,0.0572551720353693,2126964.24545686,198.235054207709,9.32009339748584e-05,91.2600004197154,61331.9723993478,1.91260000419715,0.800825180714714,0.222610830232798,0.48365497375493,0.441123108080827
"32",0,38,4415813.63318327,242572.639012021,0.0549327166321455,2131244.63886719,191.638863020459,8.99187542929468e-05,107.194122751219,60991.5009489343,2.07194122751219,0.819297705658942,0.469825790172617,0.323239605013245,0.30125699876532
"33",0,39,4295910.29661319,258164.464536269,0.0600954039333179,2133752.55385286,201.285960980619,9.43342566208822e-05,101.331231630217,63604.7516840398,2.01331231630217,0.830120898223184,0.384594481831346,0.539045716427291,0.612171466886096
"34",0,4,4395050.10931081,240202.77803597,0.0546530237566818,2020885.86862805,178.372790312975,8.82646531810672e-05,117.481361888811,61819.4907440081,2.17481361888811,0.34303187197774,0.455066381835463,0.242395999387225,0.284412949041014
"35",0,40,4119693.37384909,229331.241060274,0.05566706554328,2134445.51687876,188.489520167473,8.83084242145961e-05,93.0100038286942,62937.0953149439,1.93010003828694,0.833111459032487,0.259333589943836,0.244535293138399,0.345481970722965
"36",0,41,4059649.95061033,233696.51909243,0.0575656822473809,2134619.27388729,199.801600857846,9.36005794110504e-05,90.1814529772059,61401.4165613004,1.90181452977206,0.8338613271793,0.216652713278346,0.503187502813588,0.459823081908743
"37",0,42,4135578.21958134,243197.944735674,0.0588062737114168,2134615.33336581,199.808736354158,9.36040949537754e-05,93.7388041273206,62724.4669642468,1.93738804127321,0.833844321410356,0.270625070425426,0.503359323718354,0.534535690419492
"38",0,43,4494110.39870471,275728.641712043,0.0613533307485088,2137120.7981608,201.703514613106,9.43809609577012e-05,110.288084911827,64906.0458443579,2.10288084911827,0.844656939897855,0.525481754011302,0.541328374337197,0.687928068799816
"39",0,44,4768299.43848961,268194.105252122,0.0562452313894688,2137215.56478001,194.207584194266,9.08694412462115e-05,123.108025089664,61796.750566642,2.23108025089665,0.845065916029127,0.720384508698572,0.369704092928496,0.380301070944779
"40",0,45,4570289.27616286,269317.488112157,0.0589278865818908,2133654.38330128,196.059018917096,9.18888365667479e-05,114.200074385596,64029.5382373089,2.14200074385596,0.829697232034324,0.579632252066314,0.419526677943755,0.541859628270906
"41",0,46,4507891.68028201,285935.533454183,0.0634299920525809,2121445.07933441,203.612951353416,9.59784221316249e-05,112.491557014351,65987.7628990326,2.12491557014351,0.77700659113783,0.535277950623113,0.619403723068943,0.81299162720591
"42",0,47,4363705.51295656,269502.8690512,0.0617600954626754,2103022.07623104,199.367529534191,9.48004929608205e-05,107.496895171782,65047.4412566608,2.07496895171782,0.697500024392629,0.432785592717136,0.561832852306581,0.712424813881913
"43",0,48,4256859.67685055,246906.686820454,0.058002073256765,2078216.74454377,191.891122867175,9.23345090789848e-05,104.832325022242,62717.3299834722,2.04832325022242,0.590449792225526,0.356835993126053,0.44130876403201,0.486104022562373
"44",0,49,4226007.60561757,267763.79862257,0.0633609362810033,2052783.77863249,189.508489575057,9.23178035347211e-05,105.867157057955,68533.4963084049,2.05867157057955,0.480690933129227,0.334905307363298,0.440492286476601,0.808832855380655
"45",0,5,4285067.93591616,246776.011149314,0.0575897546643103,2007710.29298053,181.304762187742,9.03042450007004e-05,113.430590603527,63673.0315599933,2.13430590603527,0.286171175665183,0.376887368633746,0.342080326735941,0.461272804169531
"46",0,50,4357350.31374315,242801.890845172,0.055722371019693,2024199.95505117,189.352972351893,9.35445986348254e-05,115.262840159138,59467.7054933114,2.15262840159138,0.357334189136377,0.42826810421996,0.500451462215303,0.348812653326815
"47",0,51,4006919.52570318,217930.274168618,0.0543884829157812,1993341.56243777,181.411007822002,9.10084910887748e-05,101.015199863836,59661.9873322893,2.01015199863836,0.224161283600756,0.179170160809088,0.376500104704204,0.268481406019583
"48",0,52,4108474.20203909,245681.347138475,0.0597986831745323,1962965.34841002,177.170752784607,9.02566889059518e-05,109.299374814074,66154.0182887088,2.09299374814074,0.0930692746317245,0.251358626784134,0.339756039459091,0.594301940510313
"49",0,53,4108950.06215942,244643.150227587,0.0595390906500863,1945915.30158691,175.000772032972,8.99323685312805e-05,111.15770346266,66104.2950969063,2.1115770346266,0.0194878569798522,0.251696884098764,0.323904996086888,0.578668401820502
"50",0,54,4142823.8685439,220288.977919501,0.0531736286430462,1941399.63873898,171.37021848371,8.82714795368059e-05,113.393666398065,60138.7418020729,2.13393666398065,0,0.27577552043396,0.24272963510468,0.19531877810565
"51",0,55,4177004.61515422,215719.384709281,0.0516445167253704,1972279.50164835,167.812709493104,8.50856632403533e-05,111.785632394559,60597.0842778565,2.11785632394559,0.133265563041565,0.300072340164048,0.0870239926759045,0.103230493294494
"52",0,56,4359777.44908809,236289.91042562,0.0541977000397217,1976665.43252512,166.858491665173,8.44141294321202e-05,120.562234627568,64104.5359045059,2.20562234627568,0.15219354693413,0.429993393331077,0.0542030157915791,0.256991816785096
"53",0,57,4482990.94760912,249694.415436733,0.0556981752483575,1987754.7470682,176.32126911035,8.87037343869568e-05,125.530385688738,62691.2405642163,2.25530385688738,0.200050745998325,0.517577675676,0.263855937713729,0.347355502247018
"54",0,58,4309975.62858207,221058.347091386,0.0512899297215078,2000290.14222182,166.634386888335,8.33051082795651e-05,115.467523316131,61468.7690476111,2.15467523316131,0.254148670525972,0.394592590977052,0,0.0818760661759967
"55",0,59,4125870.07472254,211009.537671806,0.0511430398559015,2010718.25281195,171.784614593934,8.54344532625082e-05,105.193843988465,59762.313039867,2.05193843988465,0.299152368674886,0.263724195841351,0.104070981396768,0.0730298622955212
"56",0,6,3754863.08643338,212073.673377497,0.0564797353447417,2006083.84687902,178.039248727382,8.87496547087838e-05,87.1737859947892,63539.3860123398,1.87173785994789,0.27915206239675,0,0.26610027716876,0.394423691253259
"57",0,60,4275790.62611472,236060.880302534,0.0552087089720376,2018805.50346269,174.702662166547,8.65376391469576e-05,111.798046853984,63697.3366459449,2.11798046853984,0.334053819325514,0.370292746041223,0.157988800527716,0.3178781897376
"58",0,61,4583074.56280559,251491.57836221,0.0548739879562981,2025162.29568818,170.372977102873,8.41280609784305e-05,126.306532200581,65126.7356671481,2.26306532200581,0.361487279686201,0.588720462113255,0.0402215215007902,0.297720159528436
"59",0,62,4371366.37013657,250411.67508054,0.0572845316263704,2027295.86923634,183.344089339082,9.04377560874451e-05,115.625476106909,63241.3898184089,2.15625476106909,0.370694959170443,0.438231186635922,0.348605633783965,0.442891241823551
"60",0,63,4091543.62657586,223247.668255334,0.0545631890138652,2026149.03667781,175.557322426872,8.66458089947448e-05,101.93695293435,62872.6811335729,2.0193695293435,0.365745672734962,0.239323806578291,0.163275563502678,0.279002797379257
"61",0,64,4357378.04621827,245505.815078595,0.0563425556549236,2023878.33523185,180.112018165463,8.89935007604249e-05,115.298418406119,63210.8655952311,2.15298418406119,0.35594620220028,0.428287817392304,0.278018166523139,0.386162266958384
"62",0,65,4659940.512456,257744.81004915,0.0553107511480456,2020769.02593835,182.577966183969,9.03507347155563e-05,130.602332708071,61117.8211081248,2.30602332708071,0.342527624051635,0.643359354099131,0.344352495073464,0.324023514261171
"63",0,66,4167798.06062787,241385.218091841,0.0579167259498838,2019257.22216061,183.472255139165,9.08612598363516e-05,106.402533312141,63641.9358417398,2.06402533312141,0.336003262779684,0.293528012791329,0.369304229421104,0.480964119450575
"64",0,67,4499265.11402454,228945.147860303,0.0508850094533582,2019794.44779262,175.254197741969,8.67683332497025e-05,122.758564315377,58544.6777846025,2.22758564315377,0.338321721140073,0.529145898341257,0.169263893040871,0.0574903998633245
"65",0,68,4353659.75381162,217379.930027223,0.0499303901360017,2022178.534915,176.936270836962,8.7497848375885e-05,115.295518107882,56964.7062331225,2.15295518107882,0.348610520466562,0.425644730588549,0.204918686291263,0
"66",0,69,4678365.11290728,249444.851428868,0.0533188080469963,2024860.49062872,172.173016923871,8.50295700472736e-05,131.046293537717,62606.1950535006,2.31046293537717,0.360184805601527,0.65645617731564,0.084282457743685,0.204061972207491
"67",0,7,4679901.9801902,252737.044429197,0.0540047730698251,2038393.76837767,185.820014418961,9.11600188843063e-05,129.587729946548,59141.7308934129,2.29587729946548,0.418589206045434,0.657548634064693,0.383905972009021,0.245373102977278
"68",0,70,4467988.91271507,237795.837505865,0.0532221189782146,2020480.08625615,183.576379699781,9.08578020384942e-05,121.135013559774,58477.3789197164,2.21135013559774,0.341280671966829,0.506913726711965,0.369135230776277,0.198239029883142
"69",0,71,4083298.80415316,224802.812371573,0.0550542155139183,2016058.7411835,176.058453926091,8.73280377846227e-05,102.538682070152,62943.0007481659,2.02538682070152,0.322199854081155,0.233463110602428,0.196619253824571,0.308574071832107
"70",0,72,4514428.81999811,255223.364353966,0.0565350290214728,2002054.23405024,183.132913800401,9.14725039340798e-05,125.489836549794,61705.4897264157,2.25489836549794,0.261761809595319,0.539924768524524,0.399178568071307,0.397753663240408
"71",0,8,4480399.99051031,256095.981471432,0.0571591782014675,2048746.78777756,180.777147916679,8.82379164644269e-05,118.689787202574,64678.4767498576,2.18689787202574,0.463268839616213,0.515735936574285,0.241089251836981,0.435342035149354
"72",0,9,4471943.91265472,250085.287514891,0.0559231717569619,2068726.48943702,178.608390720152,8.6337363412772e-05,116.168929797564,64672.8509956897,2.16168929797564,0.549493516159129,0.509725073159769,0.148200394997555,0.360905552002287
"73",11,1,4657.59242318107,295.633311236511,0.0634734181044115,2322.15129861597,0.23374754747917,0.000100659912908555,100.572306634674,62957.2948757411,2.00572306634674,0.963168428597845,0.516758546457371,0.397762032308732,0.494447209978031
"74",11,10,4829.50562971856,308.549938230491,0.0638885140399912,2326.91640642515,0.2436983600889,0.000104730173983041,107.54959724308,60902.967540507,2.0754959724308,0.987679355955634,0.629942756520132,0.599438284728189,0.512394551394599
"75",11,11,5224.8275569664,337.447353034466,0.0645853570008332,2329.2074296581,0.239278740934199,0.000102729683018967,124.317829766383,62769.2264035398,2.24317829766383,0.999464000980758,0.890214791212687,0.500316505252563,0.542523679290054
"76",11,12,4959.5241258449,327.268996146753,0.0659879834924687,2329.31163188085,0.248560615994021,0.000106709902012259,112.918016548959,61738.6693719274,2.12918016548959,1,0.71554432881352,0.697531287225026,0.603168495024396
"77",11,13,4956.07261794888,308.184612582533,0.0621832318328858,2326.76320991653,0.236765227657787,0.000101757336822547,113.002878712642,61009.3349871432,2.13002878712642,0.986891338423909,0.71327192518262,0.452137989584976,0.438663928280263
"78",11,14,4657.08133875066,288.219377149559,0.0618884138336478,2321.10636468182,0.239901628597303,0.000103356585569567,100.640582853645,59778.5394202018,2.00640582853645,0.957793461067396,0.516422058710462,0.531378728221428,0.425916997186648
"79",11,15,4735.6447073219,320.836605301288,0.0677492981695256,2313.84747962907,0.240999298698522,0.000104155222338663,104.665378725873,64946.4726091573,2.04665378725873,0.920454955549529,0.568146606176608,0.570950162998758,0.6793217722349
"80",11,16,4438.59541352742,311.565434311429,0.070194601058226,2302.67530897155,0.259774868875539,0.000112814371988712,92.7581972253762,62121.3285602029,1.92758197225376,0.862987155369378,0.372575303977103,1,0.785048381552664
"81",11,17,5214.91533786269,332.057955711888,0.0636746589730795,2292.37517088465,0.239956317820961,0.000104675849253924,127.489610082026,60730.3246899069,2.27489610082026,0.810004946669647,0.883688784794571,0.596746563587563,0.503148183096228
"82",11,18,5219.15704225137,349.798944657675,0.0670221152239526,2281.37013530947,0.254650676427758,0.000111621815542534,128.772918584007,59943.9214307653,2.28772918584007,0.753396861741699,0.886481437960798,0.940910346913248,0.64788084622757
"83",11,19,4834.49870954671,333.875414468307,0.069061020496086,2271.67225501073,0.237622341294465,0.000104602387413207,112.816734407133,65922.4132583868,2.12816734407133,0.703512567609143,0.633230100218222,0.593106622939865,0.736036199962643
"84",11,2,4695.92410708886,319.007053122585,0.0679327531381991,2312.94365658479,0.241253610746775,0.00010430587449026,103.028037181965,65028.40572996,2.03028037181965,0.915805839124507,0.541995358979577,0.578414785242107,0.687253743317082
"85",11,20,4537.98584289007,341.102787250946,0.0751661197412883,2262.53855902687,0.243431094474973,0.00010759202025696,100.570541650432,69762.1696681317,2.00570541650432,0.656530344387069,0.438011970896332,0.741239122797858,1
"86",11,21,4339.36957078086,270.223543591099,0.0622725350268963,2257.96535808081,0.248529246466296,0.000110067785396645,92.1805201860658,56476.5312734225,1.92180520186066,0.633006554229502,0.307246997587612,0.863910132373143,0.442525095724018
"87",11,22,4936.12523542523,324.183854659982,0.0656757758764713,2254.53276261092,0.228914684080373,0.000101535310498337,118.942271200744,64582.6956594053,2.18942271200744,0.615349850209321,0.700138968272372,0.441136867989646,0.589669695838776
"88",11,23,4221.59821359218,240.765027362212,0.057031724759364,2250.74708822474,0.219441457413061,9.74971637467021e-05,87.5643085657362,58395.7783054414,1.87564308565736,0.595876966573629,0.229708696139474,0.241051839367208,0.215930221843834
"89",11,24,4377.9961017909,301.634605385901,0.068897869795387,2244.94017548472,0.239928590481945,0.00010687527137784,95.0161589872042,64365.6793916433,1.95016158987204,0.566007166761483,0.332677931533242,0.70572512867769,0.728982116612708
"90",11,25,4893.999681168,294.312236600164,0.060137363255799,2236.29633731418,0.215155254362942,9.621052933501e-05,118.843969804366,62406.0101752456,2.18843969804366,0.521544691204891,0.672404347540829,0.177300742905491,0.350207504838948
"91",11,26,4763.66679846511,309.300809788953,0.0649291444751367,2226.85629068251,0.225315320962914,0.000101180898787975,113.918914228861,64071.3458300026,2.13918914228861,0.472986650860674,0.586595789425706,0.423576219114502,0.557387884518774
"92",11,27,4385.25443027559,284.745573728264,0.0649325092205356,2216.18696916969,0.220217467124793,9.93677294327288e-05,97.8738477971718,65245.6706631245,1.97873847797172,0.418105423608406,0.337456669551465,0.333735986786392,0.55753336470607
"93",11,28,4833.67493994106,291.9370871665,0.0603965079973004,2206.65316033436,0.215225941605256,9.75350116067375e-05,119.050054028819,61822.9003025293,2.19050054028819,0.36906508597842,0.632687746818109,0.242927152629514,0.361412045171386
"94",11,29,4729.44845525759,310.116094125388,0.0655713022478639,2209.82600291597,0.224841269349488,0.000101746141575309,114.019042631268,64345.9841254325,2.14019042631268,0.385385664053404,0.564067117989664,0.45158327934245,0.585152610218493
"95",11,3,4706.33841599202,293.740700178572,0.0624138500496371,2301.1495214857,0.25604697780871,0.000111269161529059,104.521191345856,55992.6758069773,2.04521191345856,0.855138756607653,0.548851931259828,0.923436789680278,0.448635078364242
"96",11,30,4699.74150461574,290.556745679083,0.0618239844454678,2214.7966432258,0.218651346787312,9.87229899666327e-05,112.197427650544,62523.6953179433,2.12197427650544,0.410953816639772,0.544508657011055,0.301789967371512,0.423131288805014
"97",11,31,4834.60985735218,304.628051252655,0.0630098519303259,2239.3718723304,0.219040806007631,9.78135023995305e-05,115.891336186207,64318.3577773904,2.15891336186207,0.537364735239067,0.633303277705952,0.256726016730853,0.474404179723187
"98",11,32,4489.22741106087,282.656721617107,0.0629633332721524,2256.24124098518,0.220730228449069,9.78309519564885e-05,98.9693003351303,64259.3177956155,1.9896930033513,0.62413798071982,0.40591039649353,0.257590620054638,0.472392870604211
"99",11,33,4573.69846707877,263.64626983465,0.0576439989938911,2258.41162033287,0.217737627355822,9.6411843348437e-05,102.518372908684,59689.3339572016,2.02518372908684,0.635302053529989,0.461524446985157,0.187275595880395,0.242402884632688
"100",11,34,4863.2546187485,298.261755240656,0.0613296606126311,2260.75426553364,0.223848461612351,9.90149460403704e-05,115.116463248187,61839.8010757141,2.15116463248187,0.647352233429509,0.652162414571457,0.316256018994489,0.401758401629237
"101",11,35,4503.78602782236,293.487401385813,0.0651645969796922,2263.30244934006,0.225254299395851,9.95246125684757e-05,98.9917887083801,65375.8609935378,1.9899178870838,0.660459669960727,0.415495498016238,0.341509346358723,0.567568052823101
"102",11,36,4242.88852292117,281.673791379779,0.0663872712794845,2263.86187108939,0.23032169769255,0.000101738405789624,87.4181714487489,65152.9108985264,1.87418171448749,0.663337243020851,0.243725809146254,0.451199981013913,0.620432345673842
"103",11,37,4676.44549428879,280.667295453399,0.0600172279985235,2261.62192505463,0.217091428947635,9.59892661733861e-05,106.773972363919,62424.9367883633,2.06773972363919,0.651815330665025,0.529171030661249,0.166337435044359,0.345013263475252
"104",11,38,4408.89388586403,274.895228051136,0.0623501574697717,2258.11998191616,0.219178985323338,9.70625950253321e-05,95.2462190305231,64137.0600677832,1.95246219030523,0.633801913694125,0.353020413378832,0.219519512683305,0.445881227076951
"105",11,39,4575.28840954076,278.778720317355,0.0609313982777618,2252.85888085479,0.235555001043203,0.000104558258417779,103.088105003931,58175.0699942811,2.03088105003931,0.606739678986992,0.462571233239862,0.590920087418417,0.38453888805516
"106",11,4,3982.63668783578,258.925049448894,0.0650134746761441,2290.35140782304,0.245194842790786,0.000107055555734062,73.8875822387991,60628.72559519,1.73887582238799,0.799595043813506,0.0723812163438333,0.714657988921129,0.561034036599483
"107",11,40,4256.67786009856,272.491494672586,0.0640150614231062,2244.64034088107,0.223405302013555,9.95283288572918e-05,89.6374123984478,64218.4329105875,1.89637412398448,0.564464867094058,0.252804432407066,0.341693483736552,0.517866031347699
"108",11,41,4678.89933919769,298.466671135334,0.0637899320968323,2235.58281769251,0.230465499371892,0.000103089671985299,109.29214977717,61778.101722866,2.0929214977717,0.517874464146989,0.530786592974486,0.518153500057961,0.508132202285085
"109",11,42,4515.38915738989,290.937701719498,0.0644324756025401,2224.1628741414,0.226989795399873,0.000102056282855408,103.015220237995,63034.2567060051,2.03015220237995,0.45913216113516,0.423134765998075,0.466950384780225,0.535913605771563
"110",11,43,5091.07306111196,326.567733650019,0.0641451673802325,2214.15484141459,0.225184764280525,0.000101702356162525,129.933018499255,62971.4663854256,2.29933018499255,0.407652494150881,0.802153511567335,0.449413767903388,0.523491371980378
"111",11,44,5119.35138065105,354.254846220738,0.0691991660427274,2205.20367330944,0.229919613298748,0.000104262302880032,132.148687334999,66270.2643536952,2.32148687334999,0.361609164182626,0.820771390457496,0.57625586744744,0.742009145198277
"112",11,45,4426.19690691078,282.138371464473,0.0637428423087007,2198.45013022708,0.221022204908663,0.000100535464448235,101.332604549624,63303.3399641986,2.01332604549624,0.326870054276167,0.364412375685402,0.391595769595546,0.506096199442388
"113",11,46,4399.20753550768,282.668825560742,0.0642544874910343,2193.5334424582,0.215692033146906,9.83308615095423e-05,100.5534746066,65245.1891955598,2.005534746066,0.301579424647246,0.346643114417596,0.282360501731401,0.528218003065108
"114",11,47,4341.08757608005,285.214422171699,0.0657011445111745,2189.94587553362,0.221272360687587,0.000101040104762256,98.2280760716178,64924.8182796003,1.98228076071618,0.283125573065996,0.308378097847962,0.416600054453169,0.590766549624283
"115",11,48,4518.1262936712,271.739389445945,0.0601442659596713,2184.01832757132,0.225303687686464,0.000103160163466672,106.872178526792,58201.8327409906,2.06872178526792,0.252635245599808,0.424936841673782,0.521646263183101,0.35050595435983
"116",11,49,4823.75757664325,314.21246034487,0.0651385264189672,2177.32746385208,0.235290034735302,0.000108063687544285,121.544882739373,60177.9045387221,2.21544882739373,0.218218547982405,0.626158353565691,0.764609636176668,0.566440850135367
"117",11,5,4368.45421684432,280.488303662016,0.064207678446184,2282.455633548,0.241403203918567,0.000105764686231081,91.3927330124574,60608.0498550332,1.91392733012457,0.758980485352574,0.326395745702722,0.650697049079789,0.526194138610403
"118",11,50,4814.14157690314,334.57353291143,0.0694980668031488,2169.48779728262,0.234969656396348,0.000108306512113439,121.902219636039,64067.948396637,2.21902219636039,0.177892598289762,0.619827372040366,0.776641284320615,0.754932601048216
"119",11,51,4729.29156987532,313.275300355701,0.0662414857969859,2158.3481270526,0.22367965990812,0.000103634653327947,119.116254259389,63818.2779792467,2.19116254259389,0.120591974939447,0.563963827797947,0.545156631506378,0.614129075504915
"120",11,52,4675.36847507906,298.342321120178,0.0638115097687854,2151.07662389921,0.222121933137395,0.000103260818638231,117.350159596087,61696.4399375388,2.17350159596087,0.0831885639964712,0.528461942796902,0.526633598741016,0.509065147689562
"121",11,53,4883.80798469479,286.866987254407,0.0587383836861338,2145.43522526356,0.210389650877791,9.80638559488301e-05,127.637167842941,59798.0971304898,2.27637167842941,0.0541701413937088,0.665694338823333,0.269130716252253,0.289720369650501
"122",11,54,4527.86266913829,272.229161950714,0.0601231048384519,2154.7594684014,0.212558439234269,9.86460170387204e-05,110.133090748058,60848.3349082938,2.10133090748058,0.102132507696826,0.431347076165432,0.297976056824986,0.349591019197308
"123",11,55,3872.6983228655,201.525819364579,0.0520375724013188,2177.08820138632,0.23059408164792,0.000105918575784428,77.8843098961016,49029.7886286055,1.77884309896102,0.216987821385511,0,0.658322080456795,0
"124",11,56,4607.1155850015,276.956393680116,0.0601149219224604,2198.96410181827,0.224880005737315,0.000102266337841244,109.512996651104,58682.7071854099,2.09512996651104,0.329513839231342,0.483525607750158,0.477358341805612,0.349237217643272
"125",11,57,4143.51971657513,243.809412452338,0.0588411372768515,2202.30212626241,0.220286265696164,0.000100025452034603,88.1449264914087,58726.1648210258,1.88144926491409,0.346684085518509,0.178303378387839,0.366325304043938,0.294163086661959
"126",11,58,5082.29915454656,291.984995273567,0.0574513593935849,2205.56192712544,0.204306094423907,9.26322185340692e-05,130.431034016371,61920.9256593103,2.30431034016372,0.363451962627317,0.796376947312787,0,0.234073801207147
"127",11,59,4472.82993789733,245.449213347481,0.0548755970505033,2206.57231967708,0.214378563278427,9.71545602048522e-05,102.70488748594,56382.7805661382,2.0270488748594,0.368649254992517,0.395114628766191,0.224076270203104,0.122706567233474
"128",11,6,5391.57808924073,341.784466800873,0.0633922872197527,2288.81154645166,0.236347023513131,0.000103261897590275,135.562342281927,61289.8143449599,2.35562342281927,0.791674251309691,1,0.526687059440667,0.490939385493151
"129",11,60,4538.28192111141,285.777858697819,0.0629704949285813,2207.40834421685,0.219433973339604,9.94079658684336e-05,105.59322125429,63245.5220398763,2.0559322125429,0.372949627110885,0.438206902863889,0.335729650931063,0.472702516356004
"130",11,61,4633.48765159261,274.196979675971,0.0591772332838149,2206.16934866193,0.217681141320795,9.86692800590402e-05,110.02411507543,59875.3370536456,2.1002411507543,0.366576438662852,0.500888447900466,0.29912870985441,0.30869473891072
"131",11,62,4955.94103353312,320.095456332392,0.0645882293930753,2200.01480483354,0.222460119740992,0.000101117555778369,125.268531041004,63774.3973743204,2.25268531041004,0.334918481962013,0.713185292640216,0.420437653661156,0.542647871795526
"132",11,63,4944.3512150215,329.078305011837,0.066556417758524,2193.52944694582,0.222306856017724,0.000101346647671977,125.406192832552,65572.046670891,2.25406192832552,0.301558872391639,0.705554788390839,0.431788865221555,0.627745666158399
"133",11,64,4465.7906955149,275.739569514035,0.061744848407465,2184.04593207344,0.226421776001136,0.000103670794041489,104.473295636016,59458.5757573681,2.04473295636016,0.252777238598334,0.390480132647235,0.546947357834107,0.419709714728631
"134",11,65,4456.17216171246,264.428940654889,0.0593399292170238,2175.56413722652,0.206493800949799,9.49150601521883e-05,104.828351665758,62418.9818368941,2.04828351665758,0.209148287128333,0.384147482746055,0.113111894786131,0.315729159655671
"135",11,66,4522.53525955103,291.56112808289,0.0644685140855783,2165.89050055869,0.211069598118953,9.74516477469699e-05,108.807197703875,66054.3602145843,2.08807197703875,0.159388698227984,0.427839616453877,0.23879657954895,0.537471787636961
"136",11,67,4176.13672257066,237.479079456957,0.0568657338667721,2156.78776821733,0.208362053139416,9.66075829109674e-05,93.6276152948701,58762.5987249665,1.9362761529487,0.112565746867631,0.199777761494125,0.196974241912907,0.208753338222395
"137",11,68,4406.41944573976,283.733469501665,0.0643909353150631,2150.35612906821,0.231091607184749,0.000107466667525851,104.915799116918,59817.1229531,2.04915799116919,0.0794824576141263,0.351391291588521,0.735028054618663,0.534117544528875
"138",11,69,4804.95506777969,299.578045130383,0.0623477308121456,2146.07489833642,0.217216941958946,0.00010121591847858,123.895031413133,61498.7403457095,2.23895031413133,0.0574605140042418,0.613779158530106,0.42531140018343,0.445776306625596
"139",11,7,4656.18583046261,319.828820985552,0.0686890155657244,2306.84153468646,0.245851789154008,0.000106575066148799,101.842465572541,64351.2999596185,2.01842465572541,0.884417532171668,0.515832473999496,0.690850341915451,0.719951967568214
"140",11,70,4600.59716837824,303.525664616861,0.0659752752758088,2142.84567209191,0.213884063192694,9.98130971251395e-05,114.695683795418,65998.8158629053,2.14695683795418,0.0408499076820764,0.479234012873746,0.35580338873196,0.602619034806551
"141",11,71,4359.35321974474,264.927011266956,0.0607720911595387,2138.48191344978,0.204626416306201,9.56877002415699e-05,103.852704683963,63410.870264533,2.03852704683963,0.0184034541353567,0.320403831595328,0.151395227192556,0.377650988184866
"142",11,72,4509.30868796474,267.050294261708,0.0592220033581778,2134.90414416605,0.207142174235623,9.70264518909058e-05,111.218320985844,60936.9669343012,2.11218320985844,0,0.419131506780486,0.217728666403819,0.310630445192003
"143",11,8,4720.07135783406,321.481720711162,0.0681095043568754,2324.28138847067,0.249422252097786,0.00010731155587917,103.076588800626,63368.9375238997,2.03076588800626,0.974125258912067,0.557893424962001,0.727342470073449,0.694895866969648
"144",11,9,4738.86774606608,305.627473645393,0.064493775733477,2326.05258012333,0.234177265914605,0.000100675826469146,103.730035449793,63960.8356497998,2.03730035449793,0.983235976166224,0.570268590296433,0.398550528968747,0.538564015675643
"145",3,1,6161449.54462772,424104.804990507,0.0688319853824482,3170554.75260731,347.485134639486,0.000109597582048924,94.3334850016653,62704.291933851,1.94333485001665,0.218789040459337,0.114846365131409,0.296365610428617,0.348880125053661
"146",3,10,6021093.05875805,461762.182858731,0.076690756703564,3029172.22429075,349.473252899843,0.000115369225327447,98.7702452331786,66374.1888366644,1.98770245233179,0.157996414806101,0.0927049995625129,0.528398595300236,0.761203010192308
"147",3,11,6397583.78824479,489865.188099837,0.0765703434787266,3209456.7074796,388.350416171966,0.000121001917635131,99.3354131662006,63180.2727223022,1.99335413166201,0.235516368849126,0.152096760642989,0.754845439975978,0.754885339624595
"148",3,12,7332068.44378138,550436.129135511,0.0750724210167947,3584463.96051802,432.014378807632,0.0001205241239879,104.55132272335,62188.2942707235,2.0455132272335,0.396764550096581,0.29951258007276,0.73563706538145,0.67629446504879
"149",3,13,8254849.97955225,623767.842177178,0.0755638011256761,3867114.27850023,472.183730579843,0.000122102347273525,113.462788659913,61785.625307762,2.13462788659913,0.518300465293873,0.44508222152633,0.799085175752421,0.702075500774993
"150",3,14,9588156.73385393,706539.924868041,0.0736888167851267,4088358.19953675,477.250229511352,0.000116733956815581,134.523401959749,63025.4339313982,2.34523401959749,0.613432438316111,0.655412596211581,0.583263857316427,0.603701477496332
"151",3,15,9443668.90549987,734386.747675937,0.0777649825533633,4466436.38716977,544.273988519169,0.000121858667926547,111.436323880659,63715.7169092293,2.11436323880659,0.776001081005569,0.632619507541537,0.789288720305973,0.817563970905042
"152",3,16,10186843.4150083,710997.446282408,0.0697956587057081,4809146.3968633,573.699274597702,0.000119293368771616,111.822277268426,58407.5762587693,2.11822277268426,0.92336187285862,0.749855974346433,0.686157949521446,0.399440772353584
"153",3,17,8933001.20703781,682601.599842144,0.0764134677721033,4851712.79058322,587.483162154792,0.000121087786419478,84.1205692219877,63005.8424896695,1.84120569221988,0.941664861704805,0.552061205402405,0.758297557402126,0.746654607195816
"154",3,18,9984830.45059739,806071.63975168,0.0807296271819471,4793619.57894552,609.26880915622,0.000127099950073686,108.294177002544,63416.6474378189,2.08294177002544,0.916685545588901,0.717988242214471,1,0.973108747145576
"155",3,19,9729829.70133341,718202.919881619,0.0738145416649167,4656173.28052605,545.677996945519,0.000117194520922956,108.966228598652,62884.6353597388,2.08966228598652,0.857585446964773,0.677761637973047,0.601779565824704,0.610297832454443
"156",3,2,6190725.26166506,420464.477526489,0.0679184521610317,2946123.72584831,323.892483088566,0.00010993852031632,110.131204176855,61678.5758491325,2.10131204176855,0.122286653939679,0.11946463659353,0.310072092278454,0.300950157615578
"157",3,20,9404167.61087516,686361.305601708,0.072984801420169,4504431.85013774,532.20845874561,0.000118152183549927,108.775888363981,61671.8600091113,2.08775888363981,0.792338629811889,0.62638814174956,0.640279748028074,0.566764196259842
"158",3,21,8523454.56954761,567552.793407987,0.066587178799043,4306746.25470809,473.240338716346,0.000109883496897224,97.909374396735,60497.9793865893,1.97909374396735,0.707336426618278,0.487454844235716,0.307860027610789,0.231102792029492
"159",3,22,8046850.73711632,586288.947668301,0.0728594287158859,4057683.14190977,456.089448939917,0.000112401445107726,98.311461385549,64720.7224080233,1.98311461385549,0.600242567421786,0.412270148494636,0.409087184391107,0.560186318747523
"160",3,23,7888403.62991508,512392.771196369,0.064955191853169,3788728.05731691,411.04635559172,0.000108491913215543,108.207174296417,59770.9986099343,2.08207174296417,0.484595422262675,0.387274970664845,0.251915247280987,0.145478011954351
"161",3,24,8156269.20816696,555012.336729504,0.0680473293075913,3497821.11734652,382.802281735508,0.000109440211175209,133.181427366828,62077.6297549815,2.33181427366828,0.359509268321856,0.429531013587621,0.290038948887369,0.307711901242737
"162",3,25,7103824.04381804,471346.082507883,0.0663510356676222,3242696.02334277,345.079346920946,0.000106417420700821,119.071537778462,62249.7874978194,2.19071537778462,0.249808837022526,0.2635068147009,0.168516002550105,0.218713168604329
"163",3,26,7367974.74869398,458158.480039597,0.0621824172403426,2998214.3459609,311.250151649746,0.000103811841227781,145.745430396592,59799.1564978642,2.45745430396592,0.144684934733322,0.305176832909898,0.0637658727734595,0
"164",3,27,5660072.44627523,397100.443370788,0.0701581909313036,2843498.74212223,322.39706141115,0.000113380412881959,99.0531018153668,61778.5812716571,1.99053101815367,0.0781592621564469,0.035753663759537,0.448443881225391,0.418461599796627
"165",3,28,6413669.34029074,408754.25123809,0.0637317313305024,2752926.88005903,292.861738032304,0.000106381953023767,132.976378223065,59808.4050621483,2.32976378223065,0.0392145539899888,0.154634271368055,0.167090122505863,0.0812872177517391
"166",3,29,5715185.65642301,369227.680502852,0.064604669506737,2728569.13632303,294.445225305183,0.000107911953333157,109.457241905356,59767.9455901266,2.09457241905356,0.028741044891438,0.0444478236766672,0.228599561241154,0.127087301844478
"167",3,3,5648132.41983608,423968.606265314,0.0750635032522163,2786048.68177187,305.36650016354,0.000109605586636531,102.729135954795,68385.1069691716,2.02729135954795,0.0534564926260078,0.0338701135363071,0.296687412775963,0.675826580405034
"168",3,30,6056818.21504332,392051.225604725,0.0647289074370743,2753441.93950551,298.305822348391,0.000108339245534251,119.972614208494,59646.5000959516,2.19972614208494,0.039436022770411,0.0983406760360086,0.245777664607509,0.133605641644325
"169",3,31,6162395.06183667,434537.969486133,0.0705144615244161,2785804.84841269,317.633527282389,0.00011401858513649,121.206990337026,61744.7084218807,2.21206990337026,0.0533516474920079,0.114995521346352,0.474099834986781,0.437153900773434
"170",3,32,6300270.17824806,455629.787195117,0.0723190870080774,2827707.86955873,323.306408831741,0.000114335151913056,122.804846500329,63151.8396993702,2.22804846500329,0.0713693948657653,0.136745448586291,0.486826528327486,0.531836435181663
"171",3,33,6829795.14129038,490754.64540497,0.0718549583483187,3001339.13305716,345.659286483924,0.00011516835357817,127.558261113051,62291.2351925287,2.27558261113051,0.146028552041988,0.220278501668452,0.520323101145104,0.507485189898189
"172",3,34,7110629.61792548,469212.372223702,0.0659874578533587,3234340.59376368,345.113470565899,0.00010670288442452,119.847892075309,61742.2437305687,2.19847892075309,0.246216112315862,0.264580400316025,0.179992283513097,0.199637482695675
"173",3,35,7209741.88056273,484181.172343814,0.0671565196597611,3582522.3250935,402.560771555269,0.000112367972904332,101.247646945914,59664.8225949019,2.01247646945914,0.395929672428716,0.280215451491713,0.407741526856656,0.260974162085502
"174",3,36,8383566.15250322,612860.309917202,0.0731025793521305,4021318.7787974,485.993709385863,0.000120854310766978,108.478029563485,60388.1852274857,2.08478029563485,0.584606370077382,0.465387316957282,0.748911313323915,0.572943602012693
"175",3,37,9162007.39004439,633091.474792719,0.0690996468176448,4304749.04397521,509.719927366623,0.000118408743961512,112.834878327396,58256.8784752125,2.12834878327396,0.706477652299553,0.588187142754489,0.650594051117709,0.362923406209343
"176",3,38,9662635.8754814,679475.022631778,0.0703198414374615,4475874.1461543,532.187552220137,0.000118901366491146,115.88265353224,59041.3231930333,2.1588265353224,0.780059193106008,0.66716174974598,0.670398579992765,0.426942849645957
"177",3,39,10374040.7118485,715409.41343382,0.0689615004707594,4819597.62657353,564.341362701463,0.00011709304519321,115.247029226046,58794.6169748758,2.15247029226046,0.927855764027178,0.779386521204795,0.597700014243168,0.355675339305283
"178",3,4,5923309.16260857,400484.196503665,0.067611563993951,2683414.70096731,296.753252550029,0.000110587920846918,120.737747336383,61038.2902184613,2.20737747336383,0.00932523221748719,0.077279499429892,0.336179447882464,0.284848783839038
"179",3,40,10546057.3859532,740412.784055402,0.0702075436306266,4970272.42251717,567.414505726439,0.000114161651010484,112.182683149835,61398.3604469586,2.12182683149835,0.992643942412766,0.806522310774464,0.479851403504474,0.421050967338033
"180",3,41,10320007.7938516,803767.967938301,0.0778844341975366,4987380.05701971,598.689464023418,0.000120040874603243,106.922425719818,64781.5950858062,2.06922425719818,1,0.770862778374451,0.716209357924804,0.823831190620133
"181",3,42,10986072.420781,778651.206554205,0.0708762127838634,4930642.14838685,578.729301917669,0.000117374022389155,122.812203566127,60284.9227803343,2.22812203566127,0.975603446331488,0.875935089824652,0.608995926743251,0.456133753590512
"182",3,43,9996030.48436029,712738.535425322,0.0713021570452859,4795969.99153605,535.982062143895,0.000111756758922553,108.425626140308,63701.2033748203,2.08425626140308,0.917696192055961,0.719755057908037,0.383169356030543,0.478481593933706
"183",3,44,9455132.08805281,659757.305971823,0.0697776931964251,4640611.84977859,495.130805138252,0.000106695155976442,103.747531448982,65299.1200986029,2.03747531448982,0.850894236634023,0.634427835200319,0.179681582593203,0.398498183452865
"184",3,45,9473923.29396766,659208.924036431,0.0695814082066898,4438796.66466561,478.784332407788,0.000107863542436868,113.434496096283,64408.7363484426,2.13434496096283,0.764116364249108,0.637392165327731,0.226653334798516,0.388199780563904
"185",3,46,8697785.97327175,622427.65766167,0.0715616203450381,4169839.78141822,461.082801288837,0.000110575663684617,108.58801366976,64617.3328745697,2.0858801366976,0.64846844569223,0.514955784545517,0.335686682509137,0.492094746927986
"186",3,47,8774973.79598275,560439.383644258,0.0638679267510555,3890792.80425205,413.748918740388,0.000106340517101867,125.531767880136,59959.8233783969,2.25531767880136,0.5284819196022,0.527132235028173,0.165424305653501,0.0884329262156372
"187",3,48,7801149.07579551,495835.489351149,0.0635592890910865,3601609.89888753,375.11973101857,0.000104153348516295,116.601722418775,60924.7197968317,2.16601722418775,0.404137077842283,0.373510483984077,0.07749523054653,0.0722397625236285
"188",3,49,6790923.06089602,456284.12287676,0.0671902948664177,3335409.82889392,349.033098312724,0.00010464474119166,103.600858942962,64107.9994668404,2.03600858942962,0.289674552686757,0.214146395003754,0.0972503165258328,0.262746231800444
"189",3,5,6108556.7171635,423404.540841755,0.0693133518187849,2661727.45035293,296.216825430958,0.000111287436807882,129.495950697489,62183.1775148545,2.29495950697489,0,0.106502472637939,0.364301556016186,0.374135777588805
"190",3,50,7152866.04631486,482726.393768336,0.0674871290252996,3087129.14570124,328.625125415576,0.000106450073808276,131.699605320207,63297.9166109822,2.31699605320207,0.182917127918778,0.271243235991194,0.169828730593484,0.278320106111947
"191",3,51,5706414.83258773,362308.5358127,0.0634914471593718,2905391.26783468,309.221669287561,0.000106430301732825,96.4077918097614,59555.4234326573,1.96407791809761,0.104772233300561,0.0430642180978162,0.1690338488826,0.0686803281190667
"192",3,52,5433426.14541185,373786.396639844,0.0687938671910504,2790696.92252975,298.251808781304,0.000106873593607915,94.69782266741,64269.3777561491,1.9469782266741,0.0554551749505119,0,0.186855174973407,0.346880193765275
"193",3,53,6003127.2242754,411497.574822993,0.0685472020581177,2769947.60303179,296.302984813296,0.000106970610017671,116.72349389226,63980.4068021992,2.1672349389226,0.046533240763744,0.0898708725425468,0.190755451905108,0.333938516864627
"194",3,54,5989219.92889539,412300.307264644,0.0688404019487535,2767921.92780187,302.860350899368,0.000109417952817724,116.379655391931,62815.0885901081,2.16379655391931,0.0456622270860743,0.0876769838228668,0.289144113070881,0.349321713536158
"195",3,55,6504031.0944877,411990.147772759,0.0633438158255316,2810038.12600173,293.475741021201,0.000104438348471369,131.457040895811,60551.8742901194,2.31457040895811,0.0637716377861615,0.168888921737254,0.0889528669722325,0.0609346163508264
"196",3,56,6035409.17524593,421232.100179822,0.0697934618762045,2855517.76098524,311.825830254554,0.000109201152419715,111.359538984745,63812.7521364911,2.11359538984745,0.0833272820182976,0.0949633801903906,0.280428251565986,0.399325512214043
"197",3,57,6471276.99485343,474989.087562036,0.0733995914469111,2986622.8322226,341.751287420205,0.000114427333687086,116.675400892104,64045.1557786274,2.16675400892104,0.139700736446325,0.163721932200655,0.490532442076277,0.588526812012956
"198",3,58,7521634.55672118,493083.472144068,0.0655553614610881,3180811.25958377,348.263027267472,0.000109488743231198,136.469062226139,59774.0651563241,2.36469062226139,0.223199203416201,0.329416809863553,0.291990046221313,0.176966861062966
"199",3,59,7162820.04222858,491073.100147588,0.0685586259674897,3411686.44008877,373.227700869774,0.000109396835677567,109.949541612687,62569.6609119094,2.09949541612687,0.322472491199239,0.27281348806064,0.288295156746635,0.334537890364553
"200",3,6,5740971.2152578,406806.798788528,0.0708602749491856,2677580.13503978,309.494126109973,0.00011558725061477,114.408941122971,61204.5769081827,2.14408941122971,0.00681644568986909,0.0485155194516219,0.537163700098607,0.455297549849658
"201",3,60,8202756.15530311,595787.443398963,0.0726325922798259,3810907.98323312,426.754126212869,0.00011198226986599,115.244141065406,64760.7965946266,2.15244141065406,0.494132498373108,0.436864372529646,0.392235400968149,0.548284985835656
"202",3,61,7973014.43120396,547327.515780299,0.0686475009549996,4083202.80787825,460.495117476771,0.000112777919477396,95.263737961303,60769.6288006612,1.95263737961303,0.611215687781779,0.400622402889345,0.424222297132259,0.339200857356386
"203",3,62,8976696.66966186,642070.564937679,0.0715263741847997,4319476.62249527,491.341162022954,0.000113750161180203,107.819082129358,62780.2398543311,2.07819082129358,0.712810317151489,0.558954205078668,0.463308590832764,0.490245501303481
"204",3,63,8418680.7553474,683951.874179049,0.0812421677523066,4639959.23937309,573.001814625249,0.000123492855230915,81.4386791140186,65686.9377142463,1.81438679114019,0.850613622752302,0.470926678060278,0.854986709556766,1
"205",3,64,9509652.57768679,715231.850202083,0.0752111440832534,4754652.42799155,555.209604966364,0.000116771859431352,100.007313293852,64308.6207494784,2.00007313293852,0.899930183742395,0.643028492907738,0.584787627349884,0.683572790458747
"206",3,65,11772533.1635822,831646.856284779,0.070642982672365,4770266.49779134,552.911507017708,0.000115907886335849,146.78984222439,60847.5204022557,2.4678984222439,0.906644028172571,1,0.550053974120791,0.443896966369607
"207",3,66,9993793.76140996,709300.140406722,0.070974062237067,4745106.38774209,536.334048088057,0.000113028877386934,110.612638469533,62692.8577881033,2.10612638469533,0.895825512123733,0.719402212792169,0.434311367093296,0.461267580139927
"208",3,67,10031809.0692219,737659.276195601,0.0735320290792595,4665732.69714059,543.316143075297,0.000116448193315547,115.01036858305,63045.7019517727,2.1501036858305,0.861695870244301,0.7253991627889,0.571775524673449,0.595475362166608
"209",3,68,10087362.8534707,704160.816739068,0.0698062344903941,4501365.07321155,504.607704742271,0.000112101039692444,124.095639642793,62170.8180779693,2.24095639642793,0.791019956112563,0.734162823678302,0.397010213965913,0.399995647648481
"210",3,69,8950145.10068227,566327.57713855,0.0632757984108413,4286371.11891195,442.763039315862,0.000103295544653691,108.804717379539,61157.0451348892,2.08804717379539,0.698575386496576,0.554765670494305,0.043009594295423,0.0573659749539951
"211",3,7,5844139.05752108,367665.134085587,0.0629117703166939,2705495.984577,296.164469337286,0.000109467717204389,116.009895813421,57370.6150117575,2.16009895813421,0.0188198934349017,0.0647903420674195,0.291144752857689,0.0382666643980218
"212",3,70,7926343.75179535,514117.433236176,0.0648618643519878,4045728.28273512,413.577461725872,0.000102225713845091,95.9188358155562,63349.6565612416,1.95918835815556,0.595102135381173,0.393260060011265,0,0.140581436780262
"213",3,71,7870133.61732416,570938.656608013,0.0725449762823889,3786552.14323964,411.163913056479,0.000108585303332097,107.844321683915,66709.2035075109,2.07844321683915,0.483659807858772,0.384392859266733,0.255669739105213,0.543688073752155
"214",3,72,6465333.03006444,407160.678961472,0.0629759792833771,3499176.55260211,360.209602174641,0.000102941248250757,84.7672711814609,61076.6229315314,1.84767271181461,0.360092087635326,0.162784266253077,0.0287660854825826,0.0416354895378298
"215",3,8,5892168.6765522,411773.873844871,0.0698849432949059,2739900.4448658,310.778966389213,0.000113427101693264,115.050466070522,61512.2092971154,2.15050466070522,0.0336133583703654,0.0723670589288713,0.450320875995227,0.404125229746756
"216",3,9,6206212.36984309,399428.692402819,0.0643594947449274,2827618.19426323,313.026923840908,0.000110703391453623,119.485515492666,58036.8771993672,2.19485515492666,0.0713308356694178,0.121907742244473,0.340821624858005,0.114223819625457
"217",8,1,943515.797404193,45198.6846756414,0.0479045340841058,428530.654178929,32.9587710825962,7.69111165355153e-05,120.174633530473,62185.5787849405,2.20174633530473,0.0361102343893534,0.50380398049977,0.418386070220017,0.408099102566741
"218",8,10,920033.855782626,41814.0138431979,0.0454483425586865,453776.788044989,34.3852581636871,7.5775709709237e-05,102.750312493157,59877.4554841897,2.02750312493157,0.687315370291257,0.408919668597861,0.305727603634581,0.157000601716105
"219",8,11,905395.474409897,41422.989793553,0.0457512666722252,455088.77961963,34.4349263850661,7.56663928604158e-05,98.9491973778478,60364.4478779688,1.98949197377848,0.72115721143015,0.349769843328155,0.294880858419455,0.187968785586903
"220",8,12,927472.551256134,44369.5826819396,0.0478392407644271,455063.549309738,35.6481487930028,7.83366385795469e-05,103.811655023341,60968.794413292,2.03811655023341,0.72050641446181,0.438977468452169,0.559830637794752,0.401424112234264
"221",8,13,877031.50926508,42562.7686936191,0.0485304897760004,453914.4586886,34.4746595967074,7.59496837714926e-05,93.2151515505595,63798.2117713781,1.9321515155056,0.690866481548839,0.235158566332904,0.322989831257078,0.472091073146808
"222",8,14,939796.801661876,43411.6281272714,0.0461925684898109,451427.061066865,34.6798798859738,7.68227757636291e-05,108.183532338722,60028.7418095094,2.08183532338722,0.626705920771581,0.488776502888984,0.409620634195377,0.233083437140595
"223",8,15,904554.710039146,43454.087693113,0.0480392033901769,448135.597907462,35.5442344264783,7.93158021644557e-05,101.84843923645,60467.00188264,2.0184843923645,0.541805090988833,0.346372537003321,0.656986181921352,0.421866457642711
"224",8,16,874752.067874141,43775.8590108282,0.0500437330970982,443764.676714213,34.1601654623544,7.69781085671084e-05,97.1207069366377,64910.3438868868,1.97120706936638,0.429060448788669,0.225947946896676,0.425033220279397,0.626791195436754
"225",8,17,871311.207048759,42155.1844832481,0.0483813178830019,439593.929075144,33.9690785244537,7.72737662595133e-05,98.2081983893407,62510.2754206646,1.98208198389341,0.321479133664482,0.212044338880434,0.454369262206945,0.456841106556936
"226",8,18,844783.565878361,43158.6246292111,0.0510883809444577,435388.184500251,33.2213662267395,7.63028658319512e-05,94.0299704843905,66854.7341209625,1.9402997048439,0.21299509876266,0.104853161106524,0.358033613305819,0.733586413022249
"227",8,19,851130.1370997,42753.0397489778,0.0502309081601345,432080.433590878,32.5304517833731,7.52879539418696e-05,96.9841888062919,66618.3865813623,1.96984188806292,0.127674138654636,0.130497975874316,0.257331015250543,0.64592625768196
"228",8,2,908883.827367163,44270.7505219378,0.0487089209741804,428633.255234188,34.3396616942018,8.01143198173926e-05,112.042303360383,60699.2692008175,2.12042303360383,0.0387567518517303,0.363865354481166,0.736217495525613,0.490332242821208
"229",8,20,879263.727606255,41085.7095034397,0.0467274018175334,429456.97846984,32.4762870130343,7.56217470926835e-05,104.738488762968,61690.957778671,2.04738488762968,0.0600040764703903,0.244178369922002,0.290450971601938,0.287759892704523
"230",8,21,889815.567855305,44597.7642610596,0.0501202337564763,427903.906019188,32.3942213640853,7.57044301498681e-05,107.947521707223,66105.1529312828,2.07947521707223,0.0199437344925466,0.286815563960951,0.298655032225341,0.634611921420513
"231",8,22,910315.356395925,40238.0693323547,0.0442023404852393,427231.826137129,31.7922845638247,7.44145979274967e-05,113.072926852537,59300.0931488017,2.13072926852537,0.00260793673219766,0.369649784450832,0.170674015235024,0.0296207742631355
"232",8,23,908204.798172081,45493.4884351809,0.0500916627249101,427130.720792246,35.0010074840565,8.19444862667249e-05,112.629238301458,61028.777550529,2.12629238301458,0,0.361121577200095,0.917812093167532,0.631691081119665
"233",8,24,913681.6654,43718.149255562,0.047848338115029,427532.875117818,32.5295427971983,7.60866466426329e-05,113.710270853022,62786.643355128,2.13710270853022,0.0103732699678758,0.383252148286343,0.336579697624518,0.402354141946609
"234",8,25,919126.309761964,46596.4300878266,0.0506964381205606,427914.939063385,35.2663084794187,8.24142960668986e-05,114.791825630986,61414.1310912957,2.14791825630986,0.0202283236135535,0.40525251529863,0.964428028926763,0.693517772412913
"235",8,26,917012.672611627,47729.668997072,0.0520490833143442,428156.156490314,34.5542767526103,8.07048461847634e-05,114.177154458918,64393.1324138634,2.14177154458918,0.0264503466812724,0.396711866920735,0.794811290706796,0.831799814683172
"236",8,27,950970.306881468,44977.4153213424,0.0472963403755871,429382.666334413,32.824810167073,7.64465190159965e-05,121.473846394356,61768.5336943731,2.21473846394356,0.0580872505315433,0.53392568055833,0.372287312561536,0.345922954308206
"237",8,28,928053.570483999,45732.8655947103,0.0492782604897039,431190.727524434,34.0371140833169,7.8937490791446e-05,115.230409942294,62326.9406027838,2.15230409942294,0.104724836278858,0.441325213392781,0.619448994202653,0.548536294640239
"238",8,29,965123.841219867,47199.2390947624,0.048904852495515,433902.101204211,33.9378890539576,7.82155443814852e-05,122.428939279472,62425.7458504521,2.22428939279472,0.174662691912017,0.591116367270777,0.547815308707162,0.510362485075256
"239",8,3,922699.018658033,46460.8783081199,0.0503532326019944,428963.665929044,34.7301709499843,8.09629665831165e-05,115.099574146837,62092.919463125,2.15099574146837,0.0472794485382133,0.419688886476641,0.820422769869902,0.658431587030477
"240",8,30,866483.226989657,42489.7742359542,0.0490370418173846,437655.95567932,34.0470764988574,7.77941578471389e-05,97.9827340964026,62934.3501034353,1.97982734096403,0.271490559758569,0.192535749123815,0.506004074442513,0.523876309305337
"241",8,31,945746.82870761,50781.2908794602,0.053694381348182,440945.571962096,35.7436243714749,8.10613069826845e-05,114.48153442142,66139.2247877913,2.1448153442142,0.356343750740434,0.512818987583423,0.830180398908516,1
"242",8,32,960023.420075226,45433.8285837939,0.0473257502199621,444557.804520432,34.2829662531194,7.71170045931424e-05,115.950189224741,61268.7609751514,2.15950189224741,0.449518587194207,0.570506915185492,0.438814900066449,0.348929547139576
"243",8,33,890216.717236809,43739.6907948953,0.0491337558012405,449501.049837232,33.430477514685,7.43724125378361e-05,98.045525713269,65964.4910184193,1.98045525713269,0.577025901993427,0.288436502452634,0.166488254500205,0.533763460248643
"244",8,34,929559.439801089,42497.4513500739,0.0457178417328188,455419.223845702,33.5157975872734,7.35932868715018e-05,104.110716265247,62022.2990252424,2.04110716265247,0.729680773029259,0.447410032794385,0.0891810718982761,0.184551726253744
"245",8,35,954282.971936662,45494.1042530251,0.0476735995411272,456998.563179463,35.0993747655739,7.68041249875668e-05,108.815311211802,61971.6654852128,2.08815311211802,0.770418649606076,0.54731128339259,0.407770048323275,0.384490472320915
"246",8,36,987432.529055164,48344.430642066,0.0489597306342793,457160.747947834,34.4066415599694,7.5261582964895e-05,115.992412622406,64952.7516237813,2.15992412622406,0.774602084372305,0.681259871108745,0.254714407916891,0.515972722807362
"247",8,37,1019470.64737532,46927.9347675235,0.046031668384315,456116.255758112,34.299192907332,7.5198356722286e-05,123.511140965773,61113.6626260516,2.23511140965773,0.747660189745398,0.810717428768618,0.248440910721494,0.216634485640433
"248",8,38,926033.243116231,42606.8744015852,0.0460100916660477,453655.216822013,32.9782357482399,7.26944924810125e-05,104.12710110629,63192.403723797,2.0412710110629,0.684179531544629,0.433161605153027,0,0.214428679800732
"249",8,39,1018262.24387457,50744.7692891316,0.0498346762775408,449902.02546227,35.5719224865684,7.90659309657889e-05,126.329775427954,62929.2664221001,2.26329775427954,0.587368768262838,0.805834590010389,0.632193213062832,0.605419143037664
"250",8,4,909892.514292063,46945.9606504162,0.0515950619584361,429625.091126272,35.4730707032944,8.2567502308352e-05,111.787563874996,62388.3404680839,2.11787563874996,0.0643404166743823,0.367941191408795,0.979629611156129,0.785384834156255
"251",8,40,818834.53638563,38835.6163346795,0.047427916885506,445430.177832632,34.9110979097655,7.8376139846733e-05,83.8300539873394,60413.2084563654,1.83830053987339,0.472020804141269,0,0.563750071856951,0.359374130263284
"252",8,41,930666.614135368,47230.4993185669,0.0507491067168518,441133.708833303,33.8028747743845,7.66272767134149e-05,110.971547968249,66128.5140403108,2.10971547968249,0.361196600584,0.4518838312799,0.390222632786284,0.698902126781763
"253",8,42,901627.66534223,41611.1241190323,0.0461511172721591,436956.055935653,33.0876492702977,7.57230591516742e-05,106.342869745008,60847.243533463,2.06342869745008,0.253437169480662,0.33454512398744,0.300503457590526,0.22884584471221
"254",8,43,871264.910539483,42595.1081560417,0.0488888139999429,433588.398671947,33.1198812523374,7.63855337314868e-05,100.942855760927,63902.7130946006,2.00942855760927,0.16657096977986,0.211857266938218,0.366236169941885,0.5087228563442
"255",8,44,893168.289981093,41297.1290898167,0.0462366718042475,430969.057870019,32.8052268634913,7.61196802054068e-05,107.246500339352,60642.0731136535,2.07246500339352,0.0990070333790423,0.300363026816896,0.33985738667996,0.237592155627311
"256",8,45,905447.363824529,42425.3576114463,0.0468556862678857,429626.599893476,32.4161060052979,7.54518133033089e-05,110.752165729271,62000.1460621369,2.10752165729271,0.0643793341956537,0.349979514720821,0.273589631957941,0.300874518674256
"257",8,46,961537.697464131,49140.1147813024,0.0511057599830978,429187.585063146,34.5979613785685,8.0612679822689e-05,124.036698853407,63296.6766710983,2.24036698853407,0.0530552750836969,0.576625709380216,0.785666268163552,0.735363086585203
"258",8,47,922502.643579964,43205.2458093622,0.0468348205937874,429553.847678257,31.9397447151071,7.43556247668173e-05,114.758323913544,62887.5960839057,2.14758323913544,0.062502745231576,0.418895386754278,0.164822521569431,0.298741403470869
"259",8,48,914374.671527102,49059.1255934238,0.0536531983234945,430146.285588514,35.4227208394296,8.23504050278273e-05,112.57295533218,65052.3186866712,2.1257295533218,0.0777842379111714,0.386052402650892,0.958088568634873,0.995789825161234
"260",8,49,900862.363248009,47555.754501995,0.0527891456476607,430853.371102385,35.662940509947,8.27728013795029e-05,109.087922636663,63675.9563139938,2.09087922636663,0.0960229797556703,0.331452740751955,1,0.907457002043612
"261",8,5,908486.655634566,46009.0979899779,0.0506436695625883,432254.290464394,35.2319831580248,8.15075383524203e-05,110.174121038459,62033.7247894991,2.10174121038459,0.132158646640921,0.362260488616084,0.874456812166958,0.688123198878328
"262",8,50,914862.901685541,47797.456883468,0.0522454859579573,431337.76930174,35.6055321701696,8.25467526940862e-05,112.09895511041,63191.9942369826,2.1209895511041,0.108517668919377,0.388025211517376,0.977570772270081,0.851878220159278
"263",8,51,893771.429016921,42133.5655209508,0.0471413206476005,432663.727452729,34.4654350307036,7.965871147465e-05,106.574152697968,59079.1152215692,2.06574152697968,0.142719767446465,0.302800152047766,0.691010670915299,0.330075158687679
"264",8,52,886435.813486603,44271.2598641777,0.0499429955227625,434627.975708773,34.0888336554795,7.84322122842849e-05,103.952774103195,63576.6375296663,2.03952774103195,0.193386081714952,0.273158870965121,0.569313747084278,0.616492709494899
"265",8,53,911415.134704945,47628.3199007162,0.0522575477267393,436925.730212539,34.7462278257116,7.95243342817314e-05,108.59726760921,65612.6503462527,2.0859726760921,0.252654940140272,0.374093697555536,0.677677363286803,0.853111304805739
"266",8,54,1010911.25811478,50415.1695759952,0.049871014069042,442492.469929542,34.5408986410846,7.80598563554866e-05,128.458409309371,63788.1704341449,2.28458409309371,0.396244826543221,0.776131201897976,0.532367476380666,0.609133985661191
"267",8,55,988266.691122359,47584.2554279728,0.04814920492153,447266.58212865,35.387980431581,7.91205554932386e-05,120.956970766508,60755.4940260052,2.20956970766508,0.519389479103673,0.684630499272123,0.63761322231239,0.433112005609219
"268",8,56,993228.407519149,47554.4947696507,0.047878709881477,453107.476893799,34.0098261186086,7.50590706464548e-05,119.203711739223,63688.0398319832,2.19203711739223,0.670050989872317,0.704679482177755,0.234620529025113,0.405459072870909
"269",8,57,935901.122453792,42009.0483930434,0.0448862036652996,458340.509029401,33.6913992250308,7.35073565641775e-05,104.193411670221,60963.553041947,2.04193411670221,0.805033138866821,0.473035094150017,0.0806548093883854,0.0995326754821492
"270",8,58,952476.76640511,43657.3540651153,0.0458356104893658,463320.605117653,35.6167410408541,7.6872775886602e-05,105.576172500087,59525.2834124004,2.05576172500087,0.933490991746778,0.540012884828423,0.414581796179652,0.196591324106744
"271",8,59,1024905.43810913,47872.731579146,0.046709413180076,465217.881758887,36.5910652932219,7.86536088313697e-05,120.30654415823,59286.230173137,2.2030654415823,0.982429823314163,0.832677979877163,0.591281375712729,0.285920899347877
"272",8,6,888159.66867909,42887.8663085535,0.0482884641365648,437141.471237097,34.8571895183768,7.97389216349848e-05,103.174424555425,60458.2106535269,2.03174424555425,0.258219818468254,0.280124513602074,0.698969363305334,0.447348590892985
"273",8,60,1066314.24247068,46824.6270106783,0.0439125964426624,465899.048119848,34.6365901687705,7.43435521247527e-05,128.872380566956,58967.1217444312,2.28872380566956,1,1,0.163624637858358,0
"274",8,61,964977.802152737,47078.9105507972,0.0487875580617195,465253.97759507,35.2359933706236,7.57349642721184e-05,107.408823701148,64318.8038254353,2.07408823701148,0.983360888404437,0.59052626204785,0.301684719304581,0.498371377631331
"275",8,62,964080.329094592,45481.2739804095,0.0471758136825827,463061.311848724,35.3452087287141,7.63294359176802e-05,108.197123021486,61705.5316607618,2.08197123021486,0.926802715857605,0.586899810924474,0.360669976806545,0.333601410319195
"276",8,63,991166.315094608,48360.0402301797,0.0487910449474502,460084.42209227,34.4968389644672,7.4979367498665e-05,115.431400738847,64972.6280777428,2.15431400738847,0.850016071664828,0.696347112396164,0.226712143938629,0.498727844857343
"277",8,64,902418.842042575,42625.387197289,0.0472345935295508,456012.329341755,35.512636213265,7.78764825603e-05,97.8935182180707,60553.2190163789,1.97893518218071,0.744979485585045,0.337742059658898,0.514172579098432,0.339610522923476
"278",8,65,894274.700167465,41695.7682089868,0.0466252351779366,451996.850056708,35.0208766738066,7.74803556029491e-05,97.8497637882363,60076.8471699708,1.97849763788236,0.64140320149325,0.304833737582942,0.47486767573213,0.277315312233411
"279",8,66,889696.13736049,44264.0491151426,0.0497518728657889,448141.891957549,34.5417861437984,7.70777888960902e-05,98.5300087599861,64447.6129742904,1.98530008759986,0.541967441302125,0.286332976937134,0.434923801128406,0.596954081440861
"280",8,67,1008716.65454217,46018.2182452893,0.0456205595873461,445081.510232026,32.8894688100067,7.3895383326216e-05,126.636387122959,61636.6843960348,2.26636387122959,0.463027184229318,0.767263389634371,0.119155987110438,0.17460649167618
"281",8,68,919310.522079368,44649.9309339039,0.0485689327615997,442571.112618336,33.2537236129481,7.51375827857645e-05,107.720408284343,64539.9990003425,2.07720408284343,0.398273355866367,0.405996868523864,0.242410738682352,0.476021131512499
"282",8,69,931870.181770413,45704.4949174704,0.0490459892499605,441336.016874598,33.3828294250907,7.56403922378631e-05,111.147548838099,64741.0033302414,2.11147548838099,0.366414985158217,0.456747129584578,0.292300998760996,0.52479101277329
"283",8,7,859205.34261699,41521.8093194906,0.0483258276688811,440979.382303803,34.4930077979468,7.82190940940264e-05,94.8402526504197,61682.6481227065,1.9484025265042,0.357215863210525,0.163127744371433,0.548167521819204,0.45116829585247
"284",8,70,900701.069303788,40526.7088095935,0.0449946271751618,440747.979585763,33.5915037087229,7.62147650462149e-05,104.357390395825,58936.6278081131,2.04357390395825,0.351247003216006,0.330800994607702,0.349291989425897,0.110616901000236
"285",8,71,952558.768535653,48822.0284283714,0.0512535604532038,441075.540869651,34.4349299662312,7.80703683961644e-05,115.962727531327,65550.4657351173,2.15962727531327,0.359696201478296,0.54034423373715,0.533410512547116,0.750472851473055
"286",8,72,854125.533612605,37697.4981267748,0.0441357817361221,441929.548586545,32.7283118625392,7.40577586794469e-05,93.2718770094502,59496.4319243853,1.9327187700945,0.381724691634104,0.142601580490183,0.135267356077824,0.0228164180275339
"287",8,8,846254.071536236,42859.2812438244,0.050645878921469,445261.894156362,36.7273126260699,8.24847423686619e-05,90.0576004015871,61300.2995791749,1.90057600401587,0.467680052608495,0.110795085319773,0.971417922020215,0.688349063472786
"288",8,9,932036.349221372,42525.3035062433,0.0456262285712024,450310.2046791,33.9773500714218,7.54532091841773e-05,106.976510755638,60369.5665890515,2.06976510755638,0.59789744579336,0.457418568279844,0.273728135439271,0.175186036606987
